{"cameraMode":{"drawMode":0,"name":"Shaded","section":"Shading Mode"},"sceneLighting":true,"audioPlay":false,"sceneViewState":{"showFog":true,"showMaterialUpdate":false,"showSkybox":true,"showFlares":true,"showImageEffects":true,"showParticleSystems":true},"in2DMode":false,"pivot":{"x":2.536592960357666,"y":3.555323600769043,"z":1.8847788572311402},"rotation":{"x":-0.415088027715683,"y":0.579625129699707,"z":-0.44183313846588137,"w":-0.5445406436920166},"size":21.36073875427246,"orthographic":false}